1,Kaye,Litel,92476 Melrose Court,+56 374 730 5202,klitel0@altervista.org,Female;2,Wake,Padden,8 Transport Center,+63 663 434 2991,wpadden1@ustream.tv,Male;3,Hailee,Loadman,297 Monica Avenue,+63 500 636 6703,hloadman2@dailymotion.com,Female;4,Felicia,Folks,8 Katie Way,+86 464 540 3141,ffolks3@sohu.com,Female;5,Torin,Boerder,23566 Chinook Place,+976 867 617 0468,tboerder4@livejournal.com,Male;6,Con,Standen,7 Bay Hill,+86 208 415 5559,cstanden5@prnewswire.com,Female;7,Humfrey,Daile,4 Oriole Point,+30 723 234 8303,hdaile6@alexa.com,Male;8,Ferdie,Lumsdall,0596 Hudson Lane,+62 755 393 9735,flumsdall7@typepad.com,Male;9,Ashley,Goodfellow,120 Moose Alley,+66 708 199 6494,agoodfellow8@europa.eu,Male;10,Erasmus,Standish-Brooks,5 Clove Park,+995 969 495 0269,estandishbrooks9@businessinsider.com,Male;11,Sid,Helder,172 Claremont Park,+7 254 544 9944,sheldera@yale.edu,Male;12,Con,Ezzy,04971 Raven Place,+33 866 307 1851,cezzyb@hhs.gov,Female;13,Letty,Tight,978 Drewry Street,+81 593 929 3384,ltightc@cafepress.com,Female;14,Doreen,Reame,35652 Melvin Center,+86 175 757 2404,dreamed@geocities.com,Female;15,Lukas,Daily,28 Scoville Drive,+53 422 861 0562,ldailye@ibm.com,Male;16,Betta,Bowdler,83 Scott Park,+1 607 248 3167,bbowdlerf@reference.com,Female;17,Roscoe,Darlison,68145 Myrtle Way,+86 574 749 7276,rdarlisong@cafepress.com,Male;18,Edlin,Suddick,492 Farragut Crossing,+84 167 574 9930,esuddickh@e-recht24.de,Male;19,Aldus,Kleanthous,3922 Raven Alley,+62 184 813 6294,akleanthousi@amazon.com,Male;20,Briney,Taber,1092 Canary Way,+98 824 708 3958,btaberj@vimeo.com,Female;21,Basilius,Degenhardt,9571 Homewood Hill,+63 405 953 1810,bdegenhardtk@mashable.com,Male;22,Rosene,Lippatt,936 Florence Center,+86 853 585 0950,rlippattl@purevolume.com,Female;23,Wiatt,Swabey,0598 Graedel Junction,+62 524 833 5866,wswabeym@sitemeter.com,Male;24,Hasheem,Joselevitch,61 Swallow Way,+501 188 984 2156,hjoselevitchn@about.com,Male;25,Pauletta,McCaw,6648 Thackeray Place,+48 762 266 5812,pmccawo@w3.org,Female;26,Judah,Vasilik,313 Raven Court,+55 120 430 2479,jvasilikp@columbia.edu,Male;27,Reuben,Carmichael,94134 Spenser Place,+86 917 307 8480,rcarmichaelq@usa.gov,Male;28,Kendre,Antwis,199 Haas Junction,+7 185 526 2188,kantwisr@hibu.com,Female;29,Malia,Boeck,20346 Reindahl Road,+371 647 159 2837,mboecks@ted.com,Female;30,Batholomew,Bleby,5623 Southridge Place,+7 341 834 9527,bblebyt@vk.com,Male;31,Lotta,Lisimore,5 Autumn Leaf Circle,+84 676 626 2765,llisimoreu@ca.gov,Female;32,Malinde,Pilmoor,9899 Petterle Pass,+46 639 980 1651,mpilmoorv@123-reg.co.uk,Female;33,Olvan,Rogans,42 Green Hill,+420 945 611 3427,orogansw@webnode.com,Male;34,Gualterio,Theriot,40 Grasskamp Place,+81 162 234 6747,gtheriotx@i2i.jp,Male;35,Urbano,Vanderson,6 Goodland Park,+27 738 477 0282,uvandersony@symantec.com,Male;36,Yanaton,Greenacre,47 Cambridge Junction,+92 644 499 1165,ygreenacrez@java.com,Male;37,Thaddus,Bernhardi,18 Swallow Way,+677 373 108 0232,tbernhardi10@networksolutions.com,Male;38,Valina,Kane,2 Sycamore Lane,+63 331 471 9338,vkane11@cmu.edu,Female;39,Teodor,Boni,5 Hollow Ridge Parkway,+86 204 443 2977,tboni12@baidu.com,Male;40,Kelsey,Oluwatoyin,7135 Goodland Junction,+261 722 510 4383,koluwatoyin13@rambler.ru,Male;41,Abbi,Merring,38045 Tony Road,+86 460 972 1021,amerring14@microsoft.com,Female;42,Tymothy,Packwood,290 Welch Terrace,+55 473 652 3646,tpackwood15@paginegialle.it,Male;43,Moses,Ivanishchev,34 Russell Center,+46 719 562 9379,mivanishchev16@baidu.com,Male;44,Lenora,Symon,5 Corben Terrace,+63 389 147 5524,lsymon17@nhs.uk,Female;45,Tymothy,Bubbins,7447 Northport Court,+62 526 564 0983,tbubbins18@miibeian.gov.cn,Male;46,Rodger,Westphalen,945 Anhalt Court,+235 450 301 7990,rwestphalen19@amazon.co.jp,Male;47,Ailina,Bony,14103 Tennyson Court,+48 383 535 8862,abony1a@about.me,Female;48,Ody,Traill,479 Dottie Circle,+48 471 908 1828,otraill1b@geocities.jp,Male;49,Johannah,De Gogay,95781 Summer Ridge Trail,+33 284 704 1836,jdegogay1c@bloomberg.com,Female;50,Rolph,Simmings,3151 Caliangt Center,+63 309 155 7900,rsimmings1d@wiley.com,Male;51,Alaster,Scholig,99543 Derek Center,+355 961 574 2829,ascholig1e@independent.co.uk,Male;52,Pooh,Fahy,766 Talisman Street,+81 938 759 7403,pfahy1f@smugmug.com,Male;53,Si,Rothman,44 Charing Cross Point,+63 315 864 1358,srothman1g@ebay.com,Male;54,Coretta,Fitzsimons,832 Sachs Pass,+357 596 749 0555,cfitzsimons1h@stumbleupon.com,Female;55,Codie,Botger,514 Fairview Street,+86 560 665 8145,cbotger1i@cbc.ca,Male;56,Jerrine,Minter,192 Fallview Pass,+46 429 913 6875,jminter1j@cbc.ca,Female;57,Chance,Pester,2 Sage Circle,+994 584 223 1150,cpester1k@example.com,Male;58,Cassondra,McGaugie,0597 Doe Crossing Road,+1 765 271 4259,cmcgaugie1l@amazon.co.uk,Female;59,Avigdor,Voice,8491 Talmadge Crossing,+1 214 303 9833,avoice1m@pagesperso-orange.fr,Male;60,Loreen,Masic,18512 Spenser Way,+86 942 287 9443,lmasic1n@alibaba.com,Female;61,Coleen,Beiderbecke,4 Evergreen Parkway,+55 843 164 8438,cbeiderbecke1o@hugedomains.com,Female;62,Leann,Plume,69398 Wayridge Trail,+970 968 142 2757,lplume1p@cbc.ca,Female;63,Beale,Winnard,997 Harper Street,+216 870 797 2639,bwinnard1q@goo.gl,Male;64,Sunshine,Linneman,11162 Carberry Pass,+995 183 218 2331,slinneman1r@mac.com,Female;65,Marcelia,Cookson,1934 Center Pass,+86 488 491 3614,mcookson1s@feedburner.com,Female;66,Leopold,Paddick,130 Messerschmidt Parkway,+971 348 409 6729,lpaddick1t@uol.com.br,Male;67,Fancie,McCraine,80 La Follette Plaza,+86 197 306 0741,fmccraine1u@google.com.au,Female;68,Padraig,Ramsey,354 Northview Point,+62 909 687 4631,pramsey1v@histats.com,Male;69,Gusta,Coleshill,2 Gerald Trail,+55 650 431 6309,gcoleshill1w@sfgate.com,Female;70,Fernando,Schruyers,6 Hollow Ridge Pass,+30 233 327 0367,fschruyers1x@wired.com,Male;71,Oswald,Szymczyk,8 Waywood Hill,+351 101 530 7499,oszymczyk1y@friendfeed.com,Male;72,Rice,Clubb,4 6th Street,+960 852 454 3579,rclubb1z@sphinn.com,Male;73,Dot,Moulding,6622 Ohio Crossing,+7 625 501 9440,dmoulding20@mtv.com,Female;74,Isobel,Konertz,68414 Corscot Place,+86 175 293 2822,ikonertz21@domainmarket.com,Female;75,Cy,Anfonsi,89958 Carpenter Trail,+81 584 464 2348,canfonsi22@dot.gov,Male;76,Astra,Bernhart,7 Memorial Court,+226 522 477 5087,abernhart23@studiopress.com,Female;77,Raina,Kinton,5715 Pawling Hill,+504 741 287 6771,rkinton24@washingtonpost.com,Female;78,Dulci,Buxcy,148 Bowman Court,+55 938 634 9378,dbuxcy25@yelp.com,Female;79,Vivianna,Jozsa,11 Myrtle Circle,+81 583 868 1072,vjozsa26@technorati.com,Female;80,Nevil,Spellacy,024 Fairfield Alley,+46 577 750 2278,nspellacy27@berkeley.edu,Male;81,Gasper,Cosyns,143 Stang Lane,+30 812 727 5261,gcosyns28@symantec.com,Male;82,Yale,Rearden,9179 Eggendart Alley,+86 936 375 8936,yrearden29@gmpg.org,Male;83,Ailyn,Frear,878 Marcy Park,+1 501 548 1826,afrear2a@google.ru,Female;84,Thelma,Daniely,4 Derek Avenue,+86 830 561 8367,tdaniely2b@toplist.cz,Female;85,Dennison,Innman,9011 Calypso Point,+62 112 411 3068,dinnman2c@yellowpages.com,Male;86,Skipper,Van der Brugge,08319 Montana Terrace,+81 269 826 9201,svanderbrugge2d@yelp.com,Male;87,Boy,Ceschi,26 Delaware Circle,+81 168 865 3557,bceschi2e@noaa.gov,Male;88,Donnajean,Kille,48 Colorado Road,+47 701 194 0063,dkille2f@yahoo.co.jp,Female;89,Mayer,Pumphrey,51 Lunder Junction,+47 990 849 7691,mpumphrey2g@globo.com,Male;90,Martie,Girvin,0 Ohio Circle,+1 860 827 6205,mgirvin2h@comcast.net,Male;91,Raoul,Guiver,1 Rusk Crossing,+62 541 809 1165,rguiver2i@mlb.com,Male;92,Clyve,Freeborn,33955 High Crossing Trail,+86 995 347 9756,cfreeborn2j@boston.com,Male;93,Chrysler,Troker,57130 Pennsylvania Trail,+264 382 744 8989,ctroker2k@godaddy.com,Female;94,Lois,Smeaton,104 Michigan Court,+81 661 328 5880,lsmeaton2l@nature.com,Female;95,Mano,Blunkett,272 Portage Park,+86 889 892 1270,mblunkett2m@blogger.com,Male;96,Betty,Blanshard,125 Birchwood Court,+33 846 741 2689,bblanshard2n@apple.com,Female;97,Kaitlyn,Hairsine,1421 Dapin Terrace,+86 266 181 0502,khairsine2o@multiply.com,Female;98,Derick,Durrant,86028 Nevada Terrace,+420 140 334 0636,ddurrant2p@java.com,Male;99,Nicholas,Winfindale,125 Darwin Place,+7 711 780 6487,nwinfindale2q@cdc.gov,Male;100,Matt,Siverns,73 Rieder Crossing,+351 907 510 6143,msiverns2r@bloglines.com,Male;101,Gothart,Draxford,42489 Ilene Hill,+351 697 651 6891,gdraxford2s@archive.org,Male;102,Edgard,Jeannaud,56680 Packers Court,+7 413 606 8356,ejeannaud2t@surveymonkey.com,Male;103,Cicily,Eckery,39 Pine View Pass,+46 648 759 5680,ceckery2u@seesaa.net,Female;104,Travis,Nellen,7 Oakridge Crossing,+62 677 440 2856,tnellen2v@psu.edu,Male;105,Ethelbert,Fetherstone,5 Monument Lane,+1 501 494 4899,efetherstone2w@people.com.cn,Male;106,Erhard,Farnill,23 Hudson Place,+7 947 330 1616,efarnill2x@wix.com,Male;107,Delmer,Biggins,6 Delladonna Plaza,+55 925 603 2019,dbiggins2y@soundcloud.com,Male;108,Vyky,Swalowe,4 Farmco Center,+381 579 295 0300,vswalowe2z@ow.ly,Female;109,Tawnya,Coldtart,5697 Old Gate Point,+63 190 981 6038,tcoldtart30@samsung.com,Female;110,Mile,Tommeo,84282 Sunfield Road,+48 900 371 3097,mtommeo31@slideshare.net,Male;111,Reg,De Vaux,0 Annamark Drive,+48 631 149 7420,rdevaux32@surveymonkey.com,Male;112,Foster,Hassall,37 Summit Avenue,+382 372 176 7719,fhassall33@angelfire.com,Male;113,Sayre,Whightman,7616 Butterfield Terrace,+81 255 719 7091,swhightman34@imdb.com,Male;114,Alika,Deeson,19520 Sauthoff Parkway,+54 495 315 6490,adeeson35@etsy.com,Female;115,Frank,Reynalds,289 Summer Ridge Junction,+30 204 317 6388,freynalds36@home.pl,Female;116,Gasper,Pinnere,7 Lakeland Pass,+86 269 234 5542,gpinnere37@time.com,Male;117,Isacco,Phettis,5 Kipling Street,+63 518 752 6809,iphettis38@mapy.cz,Male;118,Ernest,Bonett,4 Hudson Center,+55 735 743 2921,ebonett39@wiley.com,Male;119,Kiersten,Jermy,19402 Brentwood Avenue,+33 706 928 8384,kjermy3a@omniture.com,Female;120,Brant,Dilks,6498 Texas Terrace,+86 502 684 7728,bdilks3b@constantcontact.com,Male;121,Jammal,Bartle,4207 Bultman Circle,+381 625 592 1273,jbartle3c@facebook.com,Male;122,Tamarah,Pace,1432 Sage Lane,+55 972 136 3255,tpace3d@webmd.com,Female;123,Patty,Bamlet,38109 Ludington Street,+62 825 559 4739,pbamlet3e@wordpress.org,Female;124,Allyson,Drinkall,71 Clove Circle,+62 589 929 2666,adrinkall3f@bluehost.com,Female;125,Carmela,McKniely,62 3rd Place,+55 982 432 3656,cmckniely3g@taobao.com,Female;126,Loleta,Schechter,83 Steensland Alley,+86 564 628 4843,lschechter3h@flavors.me,Female;127,Di,Ryves,11 Glendale Junction,+595 563 884 0482,dryves3i@wikispaces.com,Female;128,Gerik,Teenan,817 Lotheville Way,+86 645 818 0221,gteenan3j@t-online.de,Male;129,Hube,Rogers,4 Portage Way,+420 976 594 3873,hrogers3k@arizona.edu,Male;130,Magda,Byers,4660 Elmside Terrace,+420 217 277 4373,mbyers3l@adobe.com,Female;131,Cherry,Obee,52822 Dexter Street,+62 687 343 8373,cobee3m@miibeian.gov.cn,Female;132,Arin,Penhallurick,1997 Paget Alley,+351 120 160 1620,apenhallurick3n@sphinn.com,Male;133,Lelah,Beagrie,86664 Lunder Point,+970 916 758 0452,lbeagrie3o@usatoday.com,Female;134,Sonnnie,Buglass,62 Pleasure Hill,+92 631 354 2482,sbuglass3p@yahoo.co.jp,Female;135,Scarlet,Hassall,3478 Holmberg Point,+234 971 682 2610,shassall3q@patch.com,Female;136,Delinda,Lautie,359 Heath Plaza,+48 848 751 5592,dlautie3r@newyorker.com,Female;137,Ashlee,Oleszkiewicz,8706 Oneill Center,+33 208 567 5653,aoleszkiewicz3s@cdc.gov,Female;138,Harman,Streeton,18 Farmco Place,+55 133 569 8153,hstreeton3t@oakley.com,Male;139,Andrea,Andrewartha,77673 Gina Circle,+62 966 613 5637,aandrewartha3u@acquirethisname.com,Male;140,Morie,Dunk,01 Beilfuss Road,+48 613 613 5697,mdunk3v@blog.com,Male;141,Jen,Rumgay,23913 Thierer Trail,+358 533 750 4809,jrumgay3w@latimes.com,Female;142,Dorine,Degli Antoni,8 Del Mar Avenue,+57 716 710 1371,ddegliantoni3x@webs.com,Female;143,Hort,de Vaen,36 Bashford Hill,+86 158 458 9734,hdevaen3y@pagesperso-orange.fr,Male;144,Nicolis,Speenden,21 Granby Street,+48 726 389 0300,nspeenden3z@theglobeandmail.com,Male;145,Antonella,Stoate,1887 Elka Way,+420 757 244 1358,astoate40@hhs.gov,Female;146,Dru,Cawt,7086 Meadow Valley Junction,+7 347 466 0207,dcawt41@desdev.cn,Female;147,Donaugh,Pellamonuten,25452 Forest Trail,+58 322 807 5366,dpellamonuten42@omniture.com,Male;148,Shelden,Ysson,87493 Daystar Circle,+386 701 332 9788,sysson43@webmd.com,Male;149,Jerrilee,Flury,2476 Commercial Lane,+30 979 737 1713,jflury44@jiathis.com,Female;150,Eryn,Dorrian,22 Lunder Way,+420 304 302 7022,edorrian45@thetimes.co.uk,Female;151,Grethel,Wilshin,81 Northport Street,+51 677 287 8552,gwilshin46@geocities.com,Female;152,Pip,Ditt,80937 Tennyson Circle,+27 272 273 5635,pditt47@bbc.co.uk,Male;153,Thorsten,Alwell,32 Graedel Way,+27 576 102 9949,talwell48@pen.io,Male;154,Davie,Littleton,065 Oneill Hill,+351 185 788 6899,dlittleton49@reference.com,Male;155,Moreen,Northgraves,3 Florence Place,+30 460 757 8808,mnorthgraves4a@etsy.com,Female;156,Genni,Mugglestone,740 Carioca Way,+84 534 698 2920,gmugglestone4b@samsung.com,Female;157,Julienne,Druhan,9779 Pearson Plaza,+234 374 288 0091,jdruhan4c@umich.edu,Female;158,Ashien,Fearnill,60020 Maple Wood Trail,+976 648 686 9847,afearnill4d@squarespace.com,Female;159,Jule,Venart,319 Cardinal Terrace,+36 312 330 8894,jvenart4e@mapquest.com,Male;160,Carroll,Droghan,46879 Cordelia Pass,+62 393 634 7722,cdroghan4f@un.org,Male;161,Purcell,Lorie,65189 Crowley Place,+1 418 348 0569,plorie4g@china.com.cn,Male;162,Melva,Barnewall,941 Vahlen Pass,+994 945 803 2601,mbarnewall4h@dedecms.com,Female;163,Goldi,Grisbrook,57162 John Wall Lane,+86 910 829 1194,ggrisbrook4i@typepad.com,Female;164,Berti,Tonbridge,196 David Trail,+63 903 476 2427,btonbridge4j@washington.edu,Male;165,Etta,Ortas,384 Bartelt Circle,+7 111 844 6815,eortas4k@seesaa.net,Female;166,Benedick,Taffarello,002 Gulseth Park,+86 391 194 2473,btaffarello4l@networkadvertising.org,Male;167,Rina,Demougeot,1 Forest Parkway,+351 257 453 3644,rdemougeot4m@joomla.org,Female;168,Kalinda,Lunn,47 Lillian Park,+1 913 672 8194,klunn4n@sphinn.com,Female;169,Homerus,Wardhough,23 Buena Vista Plaza,+86 421 466 8713,hwardhough4o@netvibes.com,Male;170,Chrissy,MacCaghan,3352 Loeprich Alley,+261 838 488 4261,cmaccaghan4p@tmall.com,Female;171,Olin,Brands,5 Canary Crossing,+507 941 704 3167,obrands4q@cnbc.com,Male;172,Briana,Roland,02 Birchwood Place,+51 604 764 6160,broland4r@google.es,Female;173,Claire,Huglin,662 Shasta Court,+62 153 487 3988,chuglin4s@youtu.be,Male;174,Neils,Uppett,217 Eagle Crest Hill,+994 972 655 5239,nuppett4t@nytimes.com,Male;175,Jackson,Tremlett,379 Farmco Terrace,+63 442 690 6714,jtremlett4u@admin.ch,Male;176,Dorolisa,Crosser,7 Eagle Crest Circle,+298 876 604 3957,dcrosser4v@imageshack.us,Female;177,Darnall,Scay,8856 Northfield Way,+976 693 576 8832,dscay4w@icq.com,Male;178,Jan,Walkey,33 Surrey Plaza,+86 679 450 3972,jwalkey4x@mapy.cz,Female;179,Nathan,Tremoille,0 Esker Hill,+86 437 526 6464,ntremoille4y@delicious.com,Male;180,Colver,Goricke,366 Armistice Crossing,+370 109 445 7462,cgoricke4z@github.com,Male;181,Ellene,Gullen,81 Hansons Plaza,+7 339 610 7486,egullen50@dropbox.com,Female;182,Ysabel,Shird,55 Ohio Circle,+967 203 596 1314,yshird51@chron.com,Female;183,Nestor,Errol,798 Messerschmidt Terrace,+599 791 441 0186,nerrol52@noaa.gov,Male;184,Rhys,Emes,98217 Lawn Place,+63 597 204 2438,remes53@elpais.com,Male;185,Deidre,Dracey,3994 Mayer Parkway,+47 758 497 4703,ddracey54@ted.com,Female;186,Katlin,Domoni,6724 Del Sol Alley,+420 728 678 9909,kdomoni55@gov.uk,Female;187,Isabel,Pawlick,01 Stuart Center,+63 255 147 1377,ipawlick56@squarespace.com,Female;188,Dolf,Priver,8240 Luster Avenue,+389 854 685 5618,dpriver57@mit.edu,Male;189,Sascha,Silk,68889 Hauk Hill,+7 307 509 8928,ssilk58@goo.ne.jp,Male;190,Braden,McBride,103 Crownhardt Park,+86 828 268 1739,bmcbride59@i2i.jp,Male;191,Eugenia,Kitchin,4 Portage Court,+86 810 665 5291,ekitchin5a@fastcompany.com,Female;192,Clywd,Elms,4 Center Hill,+234 182 585 7775,celms5b@ezinearticles.com,Male;193,Horten,Beagan,7 Ruskin Place,+63 953 159 8243,hbeagan5c@odnoklassniki.ru,Male;194,Mill,McGilmartin,5 Almo Way,+691 845 308 1087,mmcgilmartin5d@flickr.com,Male;195,Carmine,Gownge,8293 Schiller Pass,+241 892 663 6127,cgownge5e@edublogs.org,Female;196,Vick,Caltun,9270 Sheridan Point,+975 633 194 5133,vcaltun5f@nhs.uk,Male;197,Morgen,Gosford,234 Oak Valley Junction,+30 984 578 7750,mgosford5g@nymag.com,Female;198,Hurlee,Gilbart,90 Fairfield Place,+63 669 463 7707,hgilbart5h@msu.edu,Male;199,Marcus,Heigold,66950 Dapin Crossing,+55 198 620 4191,mheigold5i@weather.com,Male;200,Stacee,Abeles,59 Hauk Lane,+98 978 539 8222,sabeles5j@lulu.com,Female;210,test,testnachname,test 12,1234,test@test.com,male;216,asd,asd,asd,123,iwas@iwas.com,male;